--create database dawiapp;
--use dawiapp;

-- =====================================================
-- SCRIPT DE BASE DE DATOS - SISTEMA DE RESERVAS HOTEL
-- =====================================================

-- =====================================================
-- ROLES Y USUARIOS
-- =====================================================

-- Roles del sistema
INSERT INTO roles (role_id, rolename) VALUES (1, 'ADMIN');
INSERT INTO roles (role_id, rolename) VALUES (2, 'USER');

-- Admin (password: admin123)
INSERT INTO users (id, username, email, password, role_id, telefono, activo, fecha_creacion)
VALUES (
    1,
    'Administrador',
    'admin@hotel.com',
    '$2a$12$LhRqC4i8zzzS6QkVP.KtduVbOVeRjcYoi30Aq14J6V1ixfPbPaTre',
    1,
    '999999999',
    TRUE,
    NOW()
);

-- =====================================================
-- DEPARTAMENTOS
-- =====================================================

INSERT INTO departamento (id, nombre, detalle) VALUES
(1, 'Lima', 'La capital del peru'),
(2, 'Cuzco', 'La ciuad del sol'),
(3, 'Arequipa', 'La ciuad blanca'),
(4, 'Ancash', 'El corazon del Peru'),
(5, 'Loreto', 'Selva central'),
(6, 'Piura', 'La tierra del eterno verano'),
(7, 'Trujillo', 'La ciudad de la eterna primavera'),
(8, 'Ica', 'Capital vitivinicola del Peru'),
(9, 'Puno', 'Altiplano y Lago Titicaca'),
(10, 'Cajamarca', 'Tierra del Inca Atahualpa');

-- =====================================================
-- HOTELES
-- =====================================================

-- Hoteles iniciales
INSERT INTO hotel (id, direccion, nombre, departamento_id) VALUES
(1, 'Av. Larco 123, Miraflores', 'Hotel Miraflores', 1),
(2, 'Calle Siete Culebras 321, Cuzco', 'Hotel Centro Historico', 2),
(3, 'Plaza de Armas 456, Arequipa', 'Hotel Plaza', 3),
(4, 'Plaza de Huaraz 225, Huaraz', 'Hotel Baños del Inca', 4),
(5, 'Jose Olaya 126, Shinagui', 'Hotel Calidad', 5);

-- Hoteles adicionales para Lima (departamento_id = 1)
INSERT INTO hotel (id, direccion, nombre, departamento_id) VALUES
(6, 'Av. Jose Pardo 850, Miraflores', 'Hotel Costa Verde', 1),
(7, 'Calle Schell 452, Miraflores', 'Hotel Boutique Miraflores', 1),
(8, 'Av. Arequipa 1020, San Isidro', 'Hotel Ejecutivo San Isidro', 1),
(9, 'Calle Los Eucaliptos 590, San Isidro', 'Hotel Garden San Isidro', 1);

-- Hoteles adicionales para Cuzco (departamento_id = 2)
INSERT INTO hotel (id, direccion, nombre, departamento_id) VALUES
(10, 'Plaza Nazarenas 144, Cuzco', 'Hotel Monasterio', 2),
(11, 'Calle Ruinas 472, Cuzco', 'Hotel Ruinas', 2),
(12, 'Av. Sol 954, Cuzco', 'Hotel Sol Imperial', 2),
(13, 'Calle Saphi 848, San Blas', 'Hotel San Blas Colonial', 2);

-- Hoteles adicionales para Arequipa (departamento_id = 3)
INSERT INTO hotel (id, direccion, nombre, departamento_id) VALUES
(14, 'Calle Melgar 108, Arequipa', 'Hotel Casa Andina', 3),
(15, 'Portal de Flores 116, Arequipa', 'Hotel Libertador', 3),
(16, 'Calle Santa Catalina 210, Arequipa', 'Hotel Katari', 3),
(17, 'Av. Bolivar 425, Arequipa', 'Hotel Villa Arequipa', 3);

-- Hoteles adicionales para Ancash (departamento_id = 4)
INSERT INTO hotel (id, direccion, nombre, departamento_id) VALUES
(18, 'Jr. Jose Olaya 718, Huaraz', 'Hotel Andino', 4),
(19, 'Av. Luzuriaga 646, Huaraz', 'Hotel Huascaran', 4),
(20, 'Jr. Amadeo Figueroa 1257, Huaraz', 'Hotel El Patio', 4),
(21, 'Av. Centenario 830, Huaraz', 'Hotel Cordillera Blanca', 4);

-- Hoteles adicionales para Loreto (departamento_id = 5)
INSERT INTO hotel (id, direccion, nombre, departamento_id) VALUES
(22, 'Calle Napo 258, Iquitos', 'Hotel Victoria Regia', 5),
(23, 'Malecón Tarapacá 1009, Iquitos', 'Hotel El Dorado Plaza', 5),
(24, 'Calle Putumayo 184, Iquitos', 'Hotel Amazon Plaza', 5),
(25, 'Jr. Huallaga 210, Iquitos', 'Hotel Casa Morey', 5);

-- Hoteles para Piura (departamento_id = 6)
INSERT INTO hotel (id, direccion, nombre, departamento_id) VALUES
(26, 'Av. Grau 845, Piura', 'Hotel Los Portales', 6),
(27, 'Calle Lima 875, Piura', 'Hotel San Miguel', 6),
(28, 'Jr. Libertad 432, Piura', 'Hotel Colonial', 6),
(29, 'Av. Sanchez Cerro 411, Piura', 'Hotel Costa del Sol', 6),
(30, 'Calle Tacna 690, Piura', 'Hotel Piura Plaza', 6);

-- Hoteles para Trujillo (departamento_id = 7)
INSERT INTO hotel (id, direccion, nombre, departamento_id) VALUES
(31, 'Jr. Independencia 485, Trujillo', 'Hotel Libertador Trujillo', 7),
(32, 'Av. America Norte 1540, Trujillo', 'Hotel Costa del Sol Trujillo', 7),
(33, 'Jr. Gamarra 747, Trujillo', 'Hotel Colonial Inn', 7),
(34, 'Calle San Martin 749, Trujillo', 'Hotel Bracamonte', 7),
(35, 'Av. Mansiche 1405, Trujillo', 'Hotel El Gran Marqués', 7);

-- Hoteles para Ica (departamento_id = 8)
INSERT INTO hotel (id, direccion, nombre, departamento_id) VALUES
(36, 'Av. Los Maestros 294, Ica', 'Hotel Las Dunas Sun Resort', 8),
(37, 'Jr. Lima 265, Ica', 'Hotel Villa Jazmin', 8),
(38, 'Calle Callao 256, Ica', 'Hotel Siesta', 8),
(39, 'Av. Municipalidad 150, Ica', 'Hotel Sol de Ica', 8),
(40, 'Jr. Callao 171, Ica', 'Hotel Mossone', 8);

-- Hoteles para Puno (departamento_id = 9)
INSERT INTO hotel (id, direccion, nombre, departamento_id) VALUES
(41, 'Jr. Deustua 297, Puno', 'Hotel Libertador Lago Titicaca', 9),
(42, 'Jr. Teodoro Valcarcel 145, Puno', 'Hotel Sonesta Posadas del Inca', 9),
(43, 'Jr. Grau 265, Puno', 'Hotel Plaza Mayor', 9),
(44, 'Av. Sesquicentenario 1970, Puno', 'Hotel Casa Andina', 9),
(45, 'Jr. Lambayeque 142, Puno', 'Hotel Balsa Inn', 9);

-- Hoteles para Cajamarca (departamento_id = 10)
INSERT INTO hotel (id, direccion, nombre, departamento_id) VALUES
(46, 'Jr. Cruz de Piedra 707, Cajamarca', 'Hotel Costa del Sol Cajamarca', 10),
(47, 'Jr. Lima 773, Cajamarca', 'Hotel Laguna Seca', 10),
(48, 'Av. Via de Evitamiento Norte 1611, Cajamarca', 'Hotel Sierra Galana', 10),
(49, 'Jr. Dos de Mayo 311, Cajamarca', 'Hotel Cajamarca', 10),
(50, 'Jr. Del Comercio 644, Cajamarca', 'Hotel El Portal del Marqués', 10);

-- =====================================================
-- TIPOS DE HABITACIÓN
-- =====================================================

INSERT INTO tipo_habitacion (id, capacidad, descripcion, nombre) VALUES
(1, 1, 'Habitacion simple con cama individual', 'Simple'),
(2, 2, 'Habitacion doble con dos camas', 'Doble'),
(3, 4, 'Habitacion suite con sala y jacuzzi', 'Suite');

-- =====================================================
-- HABITACIONES
-- =====================================================

-- Habitaciones iniciales (hoteles 1-5)
INSERT INTO habitacion (id, estado, numero, precio, hotel_id, tipo_id) VALUES
(1, 'DISPONIBLE', '101', 150, 1, 1),
(2, 'OCUPADA', '102', 200, 1, 2),
(4, 'DISPONIBLE', '103', 350, 2, 3),
(5, 'DISPONIBLE', '101', 150, 2, 1),
(6, 'MANTENIMIENTO', '102', 200, 3, 2),
(7, 'DISPONIBLE', '103', 350, 3, 3),
(8, 'DISPONIBLE', '101', 350, 4, 3),
(9, 'MANTENIMIENTO', '103', 200, 5, 2);

-- Habitaciones para hoteles de Lima (hoteles 6-9)
INSERT INTO habitacion (id, estado, numero, precio, hotel_id, tipo_id) VALUES
(10, 'DISPONIBLE', '101', 150, 6, 1),
(11, 'OCUPADA', '102', 200, 6, 2),
(12, 'DISPONIBLE', '103', 350, 6, 3),
(13, 'DISPONIBLE', '101', 150, 7, 1),
(14, 'MANTENIMIENTO', '102', 200, 7, 2),
(15, 'DISPONIBLE', '103', 350, 7, 3),
(16, 'DISPONIBLE', '101', 150, 8, 1),
(17, 'DISPONIBLE', '102', 200, 8, 2),
(18, 'OCUPADA', '103', 350, 8, 3),
(19, 'DISPONIBLE', '101', 150, 9, 1),
(20, 'DISPONIBLE', '102', 200, 9, 2),
(21, 'DISPONIBLE', '103', 350, 9, 3);

-- Habitaciones para hoteles de Cuzco (hoteles 10-13)
INSERT INTO habitacion (id, estado, numero, precio, hotel_id, tipo_id) VALUES
(22, 'DISPONIBLE', '101', 150, 10, 1),
(23, 'DISPONIBLE', '102', 200, 10, 2),
(24, 'MANTENIMIENTO', '103', 350, 10, 3),
(25, 'OCUPADA', '101', 150, 11, 1),
(26, 'DISPONIBLE', '102', 200, 11, 2),
(27, 'DISPONIBLE', '103', 350, 11, 3),
(28, 'DISPONIBLE', '101', 150, 12, 1),
(29, 'DISPONIBLE', '102', 200, 12, 2),
(30, 'DISPONIBLE', '103', 350, 12, 3),
(31, 'DISPONIBLE', '101', 150, 13, 1),
(32, 'OCUPADA', '102', 200, 13, 2),
(33, 'DISPONIBLE', '103', 350, 13, 3);

-- Habitaciones para hoteles de Arequipa (hoteles 14-17)
INSERT INTO habitacion (id, estado, numero, precio, hotel_id, tipo_id) VALUES
(34, 'DISPONIBLE', '101', 150, 14, 1),
(35, 'DISPONIBLE', '102', 200, 14, 2),
(36, 'DISPONIBLE', '103', 350, 14, 3),
(37, 'MANTENIMIENTO', '101', 150, 15, 1),
(38, 'DISPONIBLE', '102', 200, 15, 2),
(39, 'DISPONIBLE', '103', 350, 15, 3),
(40, 'DISPONIBLE', '101', 150, 16, 1),
(41, 'DISPONIBLE', '102', 200, 16, 2),
(42, 'OCUPADA', '103', 350, 16, 3),
(43, 'DISPONIBLE', '101', 150, 17, 1),
(44, 'DISPONIBLE', '102', 200, 17, 2),
(45, 'DISPONIBLE', '103', 350, 17, 3);

-- Habitaciones para hoteles de Ancash (hoteles 18-21)
INSERT INTO habitacion (id, estado, numero, precio, hotel_id, tipo_id) VALUES
(46, 'DISPONIBLE', '101', 150, 18, 1),
(47, 'OCUPADA', '102', 200, 18, 2),
(48, 'DISPONIBLE', '103', 350, 18, 3),
(49, 'DISPONIBLE', '101', 150, 19, 1),
(50, 'DISPONIBLE', '102', 200, 19, 2),
(51, 'MANTENIMIENTO', '103', 350, 19, 3),
(52, 'DISPONIBLE', '101', 150, 20, 1),
(53, 'DISPONIBLE', '102', 200, 20, 2),
(54, 'DISPONIBLE', '103', 350, 20, 3),
(55, 'OCUPADA', '101', 150, 21, 1),
(56, 'DISPONIBLE', '102', 200, 21, 2),
(57, 'DISPONIBLE', '103', 350, 21, 3);

-- Habitaciones para hoteles de Loreto (hoteles 22-25)
INSERT INTO habitacion (id, estado, numero, precio, hotel_id, tipo_id) VALUES
(58, 'DISPONIBLE', '101', 150, 22, 1),
(59, 'DISPONIBLE', '102', 200, 22, 2),
(60, 'DISPONIBLE', '103', 350, 22, 3),
(61, 'DISPONIBLE', '101', 150, 23, 1),
(62, 'MANTENIMIENTO', '102', 200, 23, 2),
(63, 'DISPONIBLE', '103', 350, 23, 3),
(64, 'OCUPADA', '101', 150, 24, 1),
(65, 'DISPONIBLE', '102', 200, 24, 2),
(66, 'DISPONIBLE', '103', 350, 24, 3),
(67, 'DISPONIBLE', '101', 150, 25, 1),
(68, 'DISPONIBLE', '102', 200, 25, 2),
(69, 'OCUPADA', '103', 350, 25, 3);

-- Habitaciones para hoteles de Piura (hoteles 26-30)
INSERT INTO habitacion (id, estado, numero, precio, hotel_id, tipo_id) VALUES
(70, 'DISPONIBLE', '101', 150, 26, 1),
(71, 'DISPONIBLE', '102', 200, 26, 2),
(72, 'DISPONIBLE', '103', 350, 26, 3),
(73, 'MANTENIMIENTO', '101', 150, 27, 1),
(74, 'DISPONIBLE', '102', 200, 27, 2),
(75, 'DISPONIBLE', '103', 350, 27, 3),
(76, 'DISPONIBLE', '101', 150, 28, 1),
(77, 'OCUPADA', '102', 200, 28, 2),
(78, 'DISPONIBLE', '103', 350, 28, 3),
(79, 'DISPONIBLE', '101', 150, 29, 1),
(80, 'DISPONIBLE', '102', 200, 29, 2),
(81, 'DISPONIBLE', '103', 350, 29, 3),
(82, 'DISPONIBLE', '101', 150, 30, 1),
(83, 'DISPONIBLE', '102', 200, 30, 2),
(84, 'MANTENIMIENTO', '103', 350, 30, 3);

-- Habitaciones para hoteles de Trujillo (hoteles 31-35)
INSERT INTO habitacion (id, estado, numero, precio, hotel_id, tipo_id) VALUES
(85, 'OCUPADA', '101', 150, 31, 1),
(86, 'DISPONIBLE', '102', 200, 31, 2),
(87, 'DISPONIBLE', '103', 350, 31, 3),
(88, 'DISPONIBLE', '101', 150, 32, 1),
(89, 'DISPONIBLE', '102', 200, 32, 2),
(90, 'DISPONIBLE', '103', 350, 32, 3),
(91, 'DISPONIBLE', '101', 150, 33, 1),
(92, 'MANTENIMIENTO', '102', 200, 33, 2),
(93, 'DISPONIBLE', '103', 350, 33, 3),
(94, 'DISPONIBLE', '101', 150, 34, 1),
(95, 'DISPONIBLE', '102', 200, 34, 2),
(96, 'OCUPADA', '103', 350, 34, 3),
(97, 'DISPONIBLE', '101', 150, 35, 1),
(98, 'DISPONIBLE', '102', 200, 35, 2),
(99, 'DISPONIBLE', '103', 350, 35, 3);

-- Habitaciones para hoteles de Ica (hoteles 36-40)
INSERT INTO habitacion (id, estado, numero, precio, hotel_id, tipo_id) VALUES
(100, 'DISPONIBLE', '101', 150, 36, 1),
(101, 'DISPONIBLE', '102', 200, 36, 2),
(102, 'MANTENIMIENTO', '103', 350, 36, 3),
(103, 'OCUPADA', '101', 150, 37, 1),
(104, 'DISPONIBLE', '102', 200, 37, 2),
(105, 'DISPONIBLE', '103', 350, 37, 3),
(106, 'DISPONIBLE', '101', 150, 38, 1),
(107, 'DISPONIBLE', '102', 200, 38, 2),
(108, 'DISPONIBLE', '103', 350, 38, 3),
(109, 'DISPONIBLE', '101', 150, 39, 1),
(110, 'DISPONIBLE', '102', 200, 39, 2),
(111, 'OCUPADA', '103', 350, 39, 3),
(112, 'DISPONIBLE', '101', 150, 40, 1),
(113, 'MANTENIMIENTO', '102', 200, 40, 2),
(114, 'DISPONIBLE', '103', 350, 40, 3);

-- Habitaciones para hoteles de Puno (hoteles 41-45)
INSERT INTO habitacion (id, estado, numero, precio, hotel_id, tipo_id) VALUES
(115, 'DISPONIBLE', '101', 150, 41, 1),
(116, 'DISPONIBLE', '102', 200, 41, 2),
(117, 'DISPONIBLE', '103', 350, 41, 3),
(118, 'OCUPADA', '101', 150, 42, 1),
(119, 'DISPONIBLE', '102', 200, 42, 2),
(120, 'DISPONIBLE', '103', 350, 42, 3),
(121, 'DISPONIBLE', '101', 150, 43, 1),
(122, 'DISPONIBLE', '102', 200, 43, 2),
(123, 'MANTENIMIENTO', '103', 350, 43, 3),
(124, 'DISPONIBLE', '101', 150, 44, 1),
(125, 'DISPONIBLE', '102', 200, 44, 2),
(126, 'DISPONIBLE', '103', 350, 44, 3),
(127, 'DISPONIBLE', '101', 150, 45, 1),
(128, 'OCUPADA', '102', 200, 45, 2),
(129, 'DISPONIBLE', '103', 350, 45, 3);

-- Habitaciones para hoteles de Cajamarca (hoteles 46-50)
INSERT INTO habitacion (id, estado, numero, precio, hotel_id, tipo_id) VALUES
(130, 'DISPONIBLE', '101', 150, 46, 1),
(131, 'DISPONIBLE', '102', 200, 46, 2),
(132, 'DISPONIBLE', '103', 350, 46, 3),
(133, 'DISPONIBLE', '101', 150, 47, 1),
(134, 'DISPONIBLE', '102', 200, 47, 2),
(135, 'DISPONIBLE', '103', 350, 47, 3),
(136, 'DISPONIBLE', '101', 150, 48, 1),
(137, 'OCUPADA', '102', 200, 48, 2),
(138, 'DISPONIBLE', '103', 350, 48, 3),
(139, 'DISPONIBLE', '101', 150, 49, 1),
(140, 'DISPONIBLE', '102', 200, 49, 2),
(141, 'DISPONIBLE', '103', 350, 49, 3),
(142, 'DISPONIBLE', '101', 150, 50, 1),
(143, 'DISPONIBLE', '102', 200, 50, 2),
(144, 'MANTENIMIENTO', '103', 350, 50, 3);

